{"cameraMode":{"drawMode":0,"name":"Shaded","section":"Shading Mode"},"sceneLighting":true,"audioPlay":false,"sceneViewState":{"showFog":true,"showMaterialUpdate":false,"showSkybox":true,"showFlares":true,"showImageEffects":true,"showParticleSystems":true},"in2DMode":false,"pivot":{"x":-104.88368225097656,"y":431.6469421386719,"z":214.5731964111328},"rotation":{"x":0.22881664335727693,"y":0.7362247109413147,"z":-0.29980337619781496,"w":0.5619021654129028},"size":10.0,"orthographic":false}