{"cameraMode":{"drawMode":0,"name":"Shaded","section":"Shading Mode"},"sceneLighting":true,"audioPlay":false,"sceneViewState":{"showFog":true,"showMaterialUpdate":false,"showSkybox":true,"showFlares":true,"showImageEffects":true,"showParticleSystems":true},"in2DMode":false,"pivot":{"x":-57.413543701171878,"y":33.57600784301758,"z":114.22428894042969},"rotation":{"x":-0.08566881716251373,"y":-0.031976230442523959,"z":0.0027489671483635904,"w":-0.9958066344261169},"size":10.0,"orthographic":false}